experiment_key,plot_label,video_key,scene,architecture,variant,tracker,region_mode,direction,class,predicted_count,manual_count,signed_error,abs_error,pct_error,abs_pct_error,count_accuracy,min_duration_s,max_duration_s,min_avg_conf
mubi_road__yolo11l_default__botsort__full_frame,YOLO11l default | botsort | Full frame,mubi_road,"evening, higher congestion, cloudy / low visibility",YOLO11l,default,botsort,full_frame,downward,bus,5,1,4,4,400.0,400.0,0.0,0.15,10.0,0.4
mubi_road__yolo11l_default__botsort__full_frame,YOLO11l default | botsort | Full frame,mubi_road,"evening, higher congestion, cloudy / low visibility",YOLO11l,default,botsort,full_frame,downward,car,0,35,-35,35,-100.0,100.0,0.0,0.15,10.0,0.4
mubi_road__yolo11l_default__botsort__full_frame,YOLO11l default | botsort | Full frame,mubi_road,"evening, higher congestion, cloudy / low visibility",YOLO11l,default,botsort,full_frame,downward,keke,0,156,-156,156,-100.0,100.0,0.0,0.15,10.0,0.4
mubi_road__yolo11l_default__botsort__full_frame,YOLO11l default | botsort | Full frame,mubi_road,"evening, higher congestion, cloudy / low visibility",YOLO11l,default,botsort,full_frame,downward,truck,0,2,-2,2,-100.0,100.0,0.0,0.15,10.0,0.4
mubi_road__yolo11l_default__botsort__full_frame,YOLO11l default | botsort | Full frame,mubi_road,"evening, higher congestion, cloudy / low visibility",YOLO11l,default,botsort,full_frame,upward,bus,1,0,1,1,,,,0.15,10.0,0.4
mubi_road__yolo11l_default__botsort__full_frame,YOLO11l default | botsort | Full frame,mubi_road,"evening, higher congestion, cloudy / low visibility",YOLO11l,default,botsort,full_frame,upward,car,6,17,-11,11,-64.70588235294117,64.70588235294117,0.3529411764705882,0.15,10.0,0.4
mubi_road__yolo11l_default__botsort__full_frame,YOLO11l default | botsort | Full frame,mubi_road,"evening, higher congestion, cloudy / low visibility",YOLO11l,default,botsort,full_frame,upward,keke,0,120,-120,120,-100.0,100.0,0.0,0.15,10.0,0.4
mubi_road__yolo11l_default__botsort__full_frame,YOLO11l default | botsort | Full frame,mubi_road,"evening, higher congestion, cloudy / low visibility",YOLO11l,default,botsort,full_frame,upward,truck,1,5,-4,4,-80.0,80.0,0.19999999999999996,0.15,10.0,0.4
mubi_road__yolo11l_default__botsort__roi,YOLO11l default | botsort | ROI,mubi_road,"evening, higher congestion, cloudy / low visibility",YOLO11l,default,botsort,roi,downward,bus,50,1,49,49,4900.0,4900.0,0.0,0.15,10.0,0.4
mubi_road__yolo11l_default__botsort__roi,YOLO11l default | botsort | ROI,mubi_road,"evening, higher congestion, cloudy / low visibility",YOLO11l,default,botsort,roi,downward,car,91,35,56,56,160.0,160.0,0.0,0.15,10.0,0.4
mubi_road__yolo11l_default__botsort__roi,YOLO11l default | botsort | ROI,mubi_road,"evening, higher congestion, cloudy / low visibility",YOLO11l,default,botsort,roi,downward,keke,0,156,-156,156,-100.0,100.0,0.0,0.15,10.0,0.4
mubi_road__yolo11l_default__botsort__roi,YOLO11l default | botsort | ROI,mubi_road,"evening, higher congestion, cloudy / low visibility",YOLO11l,default,botsort,roi,downward,truck,55,2,53,53,2650.0,2650.0,0.0,0.15,10.0,0.4
mubi_road__yolo11l_default__botsort__roi,YOLO11l default | botsort | ROI,mubi_road,"evening, higher congestion, cloudy / low visibility",YOLO11l,default,botsort,roi,upward,bus,2,0,2,2,,,,0.15,10.0,0.4
mubi_road__yolo11l_default__botsort__roi,YOLO11l default | botsort | ROI,mubi_road,"evening, higher congestion, cloudy / low visibility",YOLO11l,default,botsort,roi,upward,car,133,17,116,116,682.3529411764706,682.3529411764706,0.0,0.15,10.0,0.4
mubi_road__yolo11l_default__botsort__roi,YOLO11l default | botsort | ROI,mubi_road,"evening, higher congestion, cloudy / low visibility",YOLO11l,default,botsort,roi,upward,keke,0,120,-120,120,-100.0,100.0,0.0,0.15,10.0,0.4
mubi_road__yolo11l_default__botsort__roi,YOLO11l default | botsort | ROI,mubi_road,"evening, higher congestion, cloudy / low visibility",YOLO11l,default,botsort,roi,upward,truck,14,5,9,9,180.0,180.0,0.0,0.15,10.0,0.4
mubi_road__yolo11l_default__bytetrack__full_frame,YOLO11l default | bytetrack | Full frame,mubi_road,"evening, higher congestion, cloudy / low visibility",YOLO11l,default,bytetrack,full_frame,downward,bus,5,1,4,4,400.0,400.0,0.0,0.15,10.0,0.4
mubi_road__yolo11l_default__bytetrack__full_frame,YOLO11l default | bytetrack | Full frame,mubi_road,"evening, higher congestion, cloudy / low visibility",YOLO11l,default,bytetrack,full_frame,downward,car,0,35,-35,35,-100.0,100.0,0.0,0.15,10.0,0.4
mubi_road__yolo11l_default__bytetrack__full_frame,YOLO11l default | bytetrack | Full frame,mubi_road,"evening, higher congestion, cloudy / low visibility",YOLO11l,default,bytetrack,full_frame,downward,keke,0,156,-156,156,-100.0,100.0,0.0,0.15,10.0,0.4
mubi_road__yolo11l_default__bytetrack__full_frame,YOLO11l default | bytetrack | Full frame,mubi_road,"evening, higher congestion, cloudy / low visibility",YOLO11l,default,bytetrack,full_frame,downward,truck,1,2,-1,1,-50.0,50.0,0.5,0.15,10.0,0.4
mubi_road__yolo11l_default__bytetrack__full_frame,YOLO11l default | bytetrack | Full frame,mubi_road,"evening, higher congestion, cloudy / low visibility",YOLO11l,default,bytetrack,full_frame,upward,bus,2,0,2,2,,,,0.15,10.0,0.4
mubi_road__yolo11l_default__bytetrack__full_frame,YOLO11l default | bytetrack | Full frame,mubi_road,"evening, higher congestion, cloudy / low visibility",YOLO11l,default,bytetrack,full_frame,upward,car,11,17,-6,6,-35.294117647058826,35.294117647058826,0.6470588235294117,0.15,10.0,0.4
mubi_road__yolo11l_default__bytetrack__full_frame,YOLO11l default | bytetrack | Full frame,mubi_road,"evening, higher congestion, cloudy / low visibility",YOLO11l,default,bytetrack,full_frame,upward,keke,0,120,-120,120,-100.0,100.0,0.0,0.15,10.0,0.4
mubi_road__yolo11l_default__bytetrack__full_frame,YOLO11l default | bytetrack | Full frame,mubi_road,"evening, higher congestion, cloudy / low visibility",YOLO11l,default,bytetrack,full_frame,upward,truck,1,5,-4,4,-80.0,80.0,0.19999999999999996,0.15,10.0,0.4
mubi_road__yolo11l_default__bytetrack__roi,YOLO11l default | bytetrack | ROI,mubi_road,"evening, higher congestion, cloudy / low visibility",YOLO11l,default,bytetrack,roi,downward,bus,44,1,43,43,4300.0,4300.0,0.0,0.15,10.0,0.4
mubi_road__yolo11l_default__bytetrack__roi,YOLO11l default | bytetrack | ROI,mubi_road,"evening, higher congestion, cloudy / low visibility",YOLO11l,default,bytetrack,roi,downward,car,96,35,61,61,174.28571428571428,174.28571428571428,0.0,0.15,10.0,0.4
mubi_road__yolo11l_default__bytetrack__roi,YOLO11l default | bytetrack | ROI,mubi_road,"evening, higher congestion, cloudy / low visibility",YOLO11l,default,bytetrack,roi,downward,keke,0,156,-156,156,-100.0,100.0,0.0,0.15,10.0,0.4
mubi_road__yolo11l_default__bytetrack__roi,YOLO11l default | bytetrack | ROI,mubi_road,"evening, higher congestion, cloudy / low visibility",YOLO11l,default,bytetrack,roi,downward,truck,61,2,59,59,2950.0,2950.0,0.0,0.15,10.0,0.4
mubi_road__yolo11l_default__bytetrack__roi,YOLO11l default | bytetrack | ROI,mubi_road,"evening, higher congestion, cloudy / low visibility",YOLO11l,default,bytetrack,roi,upward,bus,5,0,5,5,,,,0.15,10.0,0.4
mubi_road__yolo11l_default__bytetrack__roi,YOLO11l default | bytetrack | ROI,mubi_road,"evening, higher congestion, cloudy / low visibility",YOLO11l,default,bytetrack,roi,upward,car,120,17,103,103,605.8823529411765,605.8823529411765,0.0,0.15,10.0,0.4
mubi_road__yolo11l_default__bytetrack__roi,YOLO11l default | bytetrack | ROI,mubi_road,"evening, higher congestion, cloudy / low visibility",YOLO11l,default,bytetrack,roi,upward,keke,0,120,-120,120,-100.0,100.0,0.0,0.15,10.0,0.4
mubi_road__yolo11l_default__bytetrack__roi,YOLO11l default | bytetrack | ROI,mubi_road,"evening, higher congestion, cloudy / low visibility",YOLO11l,default,bytetrack,roi,upward,truck,17,5,12,12,240.0,240.0,0.0,0.15,10.0,0.4
mubi_road__yolo11l_tuned__botsort__full_frame,YOLO11l tuned | botsort | Full frame,mubi_road,"evening, higher congestion, cloudy / low visibility",YOLO11l,tuned,botsort,full_frame,downward,bus,0,1,-1,1,-100.0,100.0,0.0,0.15,10.0,0.4
mubi_road__yolo11l_tuned__botsort__full_frame,YOLO11l tuned | botsort | Full frame,mubi_road,"evening, higher congestion, cloudy / low visibility",YOLO11l,tuned,botsort,full_frame,downward,car,5,35,-30,30,-85.71428571428571,85.71428571428571,0.1428571428571429,0.15,10.0,0.4
mubi_road__yolo11l_tuned__botsort__full_frame,YOLO11l tuned | botsort | Full frame,mubi_road,"evening, higher congestion, cloudy / low visibility",YOLO11l,tuned,botsort,full_frame,downward,keke,0,156,-156,156,-100.0,100.0,0.0,0.15,10.0,0.4
mubi_road__yolo11l_tuned__botsort__full_frame,YOLO11l tuned | botsort | Full frame,mubi_road,"evening, higher congestion, cloudy / low visibility",YOLO11l,tuned,botsort,full_frame,downward,truck,2,2,0,0,0.0,0.0,1.0,0.15,10.0,0.4
mubi_road__yolo11l_tuned__botsort__full_frame,YOLO11l tuned | botsort | Full frame,mubi_road,"evening, higher congestion, cloudy / low visibility",YOLO11l,tuned,botsort,full_frame,upward,bus,0,0,0,0,,,,0.15,10.0,0.4
mubi_road__yolo11l_tuned__botsort__full_frame,YOLO11l tuned | botsort | Full frame,mubi_road,"evening, higher congestion, cloudy / low visibility",YOLO11l,tuned,botsort,full_frame,upward,car,7,17,-10,10,-58.8235294117647,58.8235294117647,0.4117647058823529,0.15,10.0,0.4
mubi_road__yolo11l_tuned__botsort__full_frame,YOLO11l tuned | botsort | Full frame,mubi_road,"evening, higher congestion, cloudy / low visibility",YOLO11l,tuned,botsort,full_frame,upward,keke,0,120,-120,120,-100.0,100.0,0.0,0.15,10.0,0.4
mubi_road__yolo11l_tuned__botsort__full_frame,YOLO11l tuned | botsort | Full frame,mubi_road,"evening, higher congestion, cloudy / low visibility",YOLO11l,tuned,botsort,full_frame,upward,truck,1,5,-4,4,-80.0,80.0,0.19999999999999996,0.15,10.0,0.4
mubi_road__yolo11l_tuned__botsort__roi,YOLO11l tuned | botsort | ROI,mubi_road,"evening, higher congestion, cloudy / low visibility",YOLO11l,tuned,botsort,roi,downward,bus,7,1,6,6,600.0,600.0,0.0,0.15,10.0,0.4
mubi_road__yolo11l_tuned__botsort__roi,YOLO11l tuned | botsort | ROI,mubi_road,"evening, higher congestion, cloudy / low visibility",YOLO11l,tuned,botsort,roi,downward,car,136,35,101,101,288.57142857142856,288.57142857142856,0.0,0.15,10.0,0.4
mubi_road__yolo11l_tuned__botsort__roi,YOLO11l tuned | botsort | ROI,mubi_road,"evening, higher congestion, cloudy / low visibility",YOLO11l,tuned,botsort,roi,downward,keke,20,156,-136,136,-87.17948717948718,87.17948717948718,0.1282051282051282,0.15,10.0,0.4
mubi_road__yolo11l_tuned__botsort__roi,YOLO11l tuned | botsort | ROI,mubi_road,"evening, higher congestion, cloudy / low visibility",YOLO11l,tuned,botsort,roi,downward,truck,30,2,28,28,1400.0,1400.0,0.0,0.15,10.0,0.4
mubi_road__yolo11l_tuned__botsort__roi,YOLO11l tuned | botsort | ROI,mubi_road,"evening, higher congestion, cloudy / low visibility",YOLO11l,tuned,botsort,roi,upward,bus,2,0,2,2,,,,0.15,10.0,0.4
mubi_road__yolo11l_tuned__botsort__roi,YOLO11l tuned | botsort | ROI,mubi_road,"evening, higher congestion, cloudy / low visibility",YOLO11l,tuned,botsort,roi,upward,car,117,17,100,100,588.2352941176471,588.2352941176471,0.0,0.15,10.0,0.4
mubi_road__yolo11l_tuned__botsort__roi,YOLO11l tuned | botsort | ROI,mubi_road,"evening, higher congestion, cloudy / low visibility",YOLO11l,tuned,botsort,roi,upward,keke,20,120,-100,100,-83.33333333333333,83.33333333333333,0.16666666666666663,0.15,10.0,0.4
mubi_road__yolo11l_tuned__botsort__roi,YOLO11l tuned | botsort | ROI,mubi_road,"evening, higher congestion, cloudy / low visibility",YOLO11l,tuned,botsort,roi,upward,truck,9,5,4,4,80.0,80.0,0.19999999999999996,0.15,10.0,0.4
mubi_road__yolo11l_tuned__bytetrack__full_frame,YOLO11l tuned | bytetrack | Full frame,mubi_road,"evening, higher congestion, cloudy / low visibility",YOLO11l,tuned,bytetrack,full_frame,downward,bus,0,1,-1,1,-100.0,100.0,0.0,0.15,10.0,0.4
mubi_road__yolo11l_tuned__bytetrack__full_frame,YOLO11l tuned | bytetrack | Full frame,mubi_road,"evening, higher congestion, cloudy / low visibility",YOLO11l,tuned,bytetrack,full_frame,downward,car,7,35,-28,28,-80.0,80.0,0.19999999999999996,0.15,10.0,0.4
mubi_road__yolo11l_tuned__bytetrack__full_frame,YOLO11l tuned | bytetrack | Full frame,mubi_road,"evening, higher congestion, cloudy / low visibility",YOLO11l,tuned,bytetrack,full_frame,downward,keke,0,156,-156,156,-100.0,100.0,0.0,0.15,10.0,0.4
mubi_road__yolo11l_tuned__bytetrack__full_frame,YOLO11l tuned | bytetrack | Full frame,mubi_road,"evening, higher congestion, cloudy / low visibility",YOLO11l,tuned,bytetrack,full_frame,downward,truck,1,2,-1,1,-50.0,50.0,0.5,0.15,10.0,0.4
mubi_road__yolo11l_tuned__bytetrack__full_frame,YOLO11l tuned | bytetrack | Full frame,mubi_road,"evening, higher congestion, cloudy / low visibility",YOLO11l,tuned,bytetrack,full_frame,upward,bus,0,0,0,0,,,,0.15,10.0,0.4
mubi_road__yolo11l_tuned__bytetrack__full_frame,YOLO11l tuned | bytetrack | Full frame,mubi_road,"evening, higher congestion, cloudy / low visibility",YOLO11l,tuned,bytetrack,full_frame,upward,car,9,17,-8,8,-47.05882352941177,47.05882352941177,0.5294117647058824,0.15,10.0,0.4
mubi_road__yolo11l_tuned__bytetrack__full_frame,YOLO11l tuned | bytetrack | Full frame,mubi_road,"evening, higher congestion, cloudy / low visibility",YOLO11l,tuned,bytetrack,full_frame,upward,keke,2,120,-118,118,-98.33333333333333,98.33333333333333,0.01666666666666672,0.15,10.0,0.4
mubi_road__yolo11l_tuned__bytetrack__full_frame,YOLO11l tuned | bytetrack | Full frame,mubi_road,"evening, higher congestion, cloudy / low visibility",YOLO11l,tuned,bytetrack,full_frame,upward,truck,1,5,-4,4,-80.0,80.0,0.19999999999999996,0.15,10.0,0.4
mubi_road__yolo11l_tuned__bytetrack__roi,YOLO11l tuned | bytetrack | ROI,mubi_road,"evening, higher congestion, cloudy / low visibility",YOLO11l,tuned,bytetrack,roi,downward,bus,6,1,5,5,500.0,500.0,0.0,0.15,10.0,0.4
mubi_road__yolo11l_tuned__bytetrack__roi,YOLO11l tuned | bytetrack | ROI,mubi_road,"evening, higher congestion, cloudy / low visibility",YOLO11l,tuned,bytetrack,roi,downward,car,125,35,90,90,257.14285714285717,257.14285714285717,0.0,0.15,10.0,0.4
mubi_road__yolo11l_tuned__bytetrack__roi,YOLO11l tuned | bytetrack | ROI,mubi_road,"evening, higher congestion, cloudy / low visibility",YOLO11l,tuned,bytetrack,roi,downward,keke,20,156,-136,136,-87.17948717948718,87.17948717948718,0.1282051282051282,0.15,10.0,0.4
mubi_road__yolo11l_tuned__bytetrack__roi,YOLO11l tuned | bytetrack | ROI,mubi_road,"evening, higher congestion, cloudy / low visibility",YOLO11l,tuned,bytetrack,roi,downward,truck,42,2,40,40,2000.0,2000.0,0.0,0.15,10.0,0.4
mubi_road__yolo11l_tuned__bytetrack__roi,YOLO11l tuned | bytetrack | ROI,mubi_road,"evening, higher congestion, cloudy / low visibility",YOLO11l,tuned,bytetrack,roi,upward,bus,2,0,2,2,,,,0.15,10.0,0.4
mubi_road__yolo11l_tuned__bytetrack__roi,YOLO11l tuned | bytetrack | ROI,mubi_road,"evening, higher congestion, cloudy / low visibility",YOLO11l,tuned,bytetrack,roi,upward,car,114,17,97,97,570.5882352941177,570.5882352941177,0.0,0.15,10.0,0.4
mubi_road__yolo11l_tuned__bytetrack__roi,YOLO11l tuned | bytetrack | ROI,mubi_road,"evening, higher congestion, cloudy / low visibility",YOLO11l,tuned,bytetrack,roi,upward,keke,23,120,-97,97,-80.83333333333333,80.83333333333333,0.19166666666666665,0.15,10.0,0.4
mubi_road__yolo11l_tuned__bytetrack__roi,YOLO11l tuned | bytetrack | ROI,mubi_road,"evening, higher congestion, cloudy / low visibility",YOLO11l,tuned,bytetrack,roi,upward,truck,6,5,1,1,20.0,20.0,0.8,0.15,10.0,0.4
mubi_road__yolo26l_default__botsort__full_frame,YOLO26l default | botsort | Full frame,mubi_road,"evening, higher congestion, cloudy / low visibility",YOLO26l,default,botsort,full_frame,downward,bus,0,1,-1,1,-100.0,100.0,0.0,0.15,10.0,0.4
mubi_road__yolo26l_default__botsort__full_frame,YOLO26l default | botsort | Full frame,mubi_road,"evening, higher congestion, cloudy / low visibility",YOLO26l,default,botsort,full_frame,downward,car,0,35,-35,35,-100.0,100.0,0.0,0.15,10.0,0.4
mubi_road__yolo26l_default__botsort__full_frame,YOLO26l default | botsort | Full frame,mubi_road,"evening, higher congestion, cloudy / low visibility",YOLO26l,default,botsort,full_frame,downward,keke,0,156,-156,156,-100.0,100.0,0.0,0.15,10.0,0.4
mubi_road__yolo26l_default__botsort__full_frame,YOLO26l default | botsort | Full frame,mubi_road,"evening, higher congestion, cloudy / low visibility",YOLO26l,default,botsort,full_frame,downward,truck,0,2,-2,2,-100.0,100.0,0.0,0.15,10.0,0.4
mubi_road__yolo26l_default__botsort__full_frame,YOLO26l default | botsort | Full frame,mubi_road,"evening, higher congestion, cloudy / low visibility",YOLO26l,default,botsort,full_frame,upward,bus,0,0,0,0,,,,0.15,10.0,0.4
mubi_road__yolo26l_default__botsort__full_frame,YOLO26l default | botsort | Full frame,mubi_road,"evening, higher congestion, cloudy / low visibility",YOLO26l,default,botsort,full_frame,upward,car,0,17,-17,17,-100.0,100.0,0.0,0.15,10.0,0.4
mubi_road__yolo26l_default__botsort__full_frame,YOLO26l default | botsort | Full frame,mubi_road,"evening, higher congestion, cloudy / low visibility",YOLO26l,default,botsort,full_frame,upward,keke,0,120,-120,120,-100.0,100.0,0.0,0.15,10.0,0.4
mubi_road__yolo26l_default__botsort__full_frame,YOLO26l default | botsort | Full frame,mubi_road,"evening, higher congestion, cloudy / low visibility",YOLO26l,default,botsort,full_frame,upward,truck,0,5,-5,5,-100.0,100.0,0.0,0.15,10.0,0.4
mubi_road__yolo26l_default__botsort__roi,YOLO26l default | botsort | ROI,mubi_road,"evening, higher congestion, cloudy / low visibility",YOLO26l,default,botsort,roi,downward,bus,1,1,0,0,0.0,0.0,1.0,0.15,10.0,0.4
mubi_road__yolo26l_default__botsort__roi,YOLO26l default | botsort | ROI,mubi_road,"evening, higher congestion, cloudy / low visibility",YOLO26l,default,botsort,roi,downward,car,42,35,7,7,20.0,20.0,0.8,0.15,10.0,0.4
mubi_road__yolo26l_default__botsort__roi,YOLO26l default | botsort | ROI,mubi_road,"evening, higher congestion, cloudy / low visibility",YOLO26l,default,botsort,roi,downward,keke,0,156,-156,156,-100.0,100.0,0.0,0.15,10.0,0.4
mubi_road__yolo26l_default__botsort__roi,YOLO26l default | botsort | ROI,mubi_road,"evening, higher congestion, cloudy / low visibility",YOLO26l,default,botsort,roi,downward,truck,3,2,1,1,50.0,50.0,0.5,0.15,10.0,0.4
mubi_road__yolo26l_default__botsort__roi,YOLO26l default | botsort | ROI,mubi_road,"evening, higher congestion, cloudy / low visibility",YOLO26l,default,botsort,roi,upward,bus,1,0,1,1,,,,0.15,10.0,0.4
mubi_road__yolo26l_default__botsort__roi,YOLO26l default | botsort | ROI,mubi_road,"evening, higher congestion, cloudy / low visibility",YOLO26l,default,botsort,roi,upward,car,27,17,10,10,58.8235294117647,58.8235294117647,0.4117647058823529,0.15,10.0,0.4
mubi_road__yolo26l_default__botsort__roi,YOLO26l default | botsort | ROI,mubi_road,"evening, higher congestion, cloudy / low visibility",YOLO26l,default,botsort,roi,upward,keke,0,120,-120,120,-100.0,100.0,0.0,0.15,10.0,0.4
mubi_road__yolo26l_default__botsort__roi,YOLO26l default | botsort | ROI,mubi_road,"evening, higher congestion, cloudy / low visibility",YOLO26l,default,botsort,roi,upward,truck,0,5,-5,5,-100.0,100.0,0.0,0.15,10.0,0.4
mubi_road__yolo26l_default__bytetrack__full_frame,YOLO26l default | bytetrack | Full frame,mubi_road,"evening, higher congestion, cloudy / low visibility",YOLO26l,default,bytetrack,full_frame,downward,bus,0,1,-1,1,-100.0,100.0,0.0,0.15,10.0,0.4
mubi_road__yolo26l_default__bytetrack__full_frame,YOLO26l default | bytetrack | Full frame,mubi_road,"evening, higher congestion, cloudy / low visibility",YOLO26l,default,bytetrack,full_frame,downward,car,0,35,-35,35,-100.0,100.0,0.0,0.15,10.0,0.4
mubi_road__yolo26l_default__bytetrack__full_frame,YOLO26l default | bytetrack | Full frame,mubi_road,"evening, higher congestion, cloudy / low visibility",YOLO26l,default,bytetrack,full_frame,downward,keke,0,156,-156,156,-100.0,100.0,0.0,0.15,10.0,0.4
mubi_road__yolo26l_default__bytetrack__full_frame,YOLO26l default | bytetrack | Full frame,mubi_road,"evening, higher congestion, cloudy / low visibility",YOLO26l,default,bytetrack,full_frame,downward,truck,0,2,-2,2,-100.0,100.0,0.0,0.15,10.0,0.4
mubi_road__yolo26l_default__bytetrack__full_frame,YOLO26l default | bytetrack | Full frame,mubi_road,"evening, higher congestion, cloudy / low visibility",YOLO26l,default,bytetrack,full_frame,upward,bus,0,0,0,0,,,,0.15,10.0,0.4
mubi_road__yolo26l_default__bytetrack__full_frame,YOLO26l default | bytetrack | Full frame,mubi_road,"evening, higher congestion, cloudy / low visibility",YOLO26l,default,bytetrack,full_frame,upward,car,1,17,-16,16,-94.11764705882354,94.11764705882354,0.05882352941176472,0.15,10.0,0.4
mubi_road__yolo26l_default__bytetrack__full_frame,YOLO26l default | bytetrack | Full frame,mubi_road,"evening, higher congestion, cloudy / low visibility",YOLO26l,default,bytetrack,full_frame,upward,keke,0,120,-120,120,-100.0,100.0,0.0,0.15,10.0,0.4
mubi_road__yolo26l_default__bytetrack__full_frame,YOLO26l default | bytetrack | Full frame,mubi_road,"evening, higher congestion, cloudy / low visibility",YOLO26l,default,bytetrack,full_frame,upward,truck,0,5,-5,5,-100.0,100.0,0.0,0.15,10.0,0.4
mubi_road__yolo26l_default__bytetrack__roi,YOLO26l default | bytetrack | ROI,mubi_road,"evening, higher congestion, cloudy / low visibility",YOLO26l,default,bytetrack,roi,downward,bus,1,1,0,0,0.0,0.0,1.0,0.15,10.0,0.4
mubi_road__yolo26l_default__bytetrack__roi,YOLO26l default | bytetrack | ROI,mubi_road,"evening, higher congestion, cloudy / low visibility",YOLO26l,default,bytetrack,roi,downward,car,44,35,9,9,25.714285714285715,25.714285714285715,0.7428571428571429,0.15,10.0,0.4
mubi_road__yolo26l_default__bytetrack__roi,YOLO26l default | bytetrack | ROI,mubi_road,"evening, higher congestion, cloudy / low visibility",YOLO26l,default,bytetrack,roi,downward,keke,0,156,-156,156,-100.0,100.0,0.0,0.15,10.0,0.4
mubi_road__yolo26l_default__bytetrack__roi,YOLO26l default | bytetrack | ROI,mubi_road,"evening, higher congestion, cloudy / low visibility",YOLO26l,default,bytetrack,roi,downward,truck,2,2,0,0,0.0,0.0,1.0,0.15,10.0,0.4
mubi_road__yolo26l_default__bytetrack__roi,YOLO26l default | bytetrack | ROI,mubi_road,"evening, higher congestion, cloudy / low visibility",YOLO26l,default,bytetrack,roi,upward,bus,1,0,1,1,,,,0.15,10.0,0.4
mubi_road__yolo26l_default__bytetrack__roi,YOLO26l default | bytetrack | ROI,mubi_road,"evening, higher congestion, cloudy / low visibility",YOLO26l,default,bytetrack,roi,upward,car,26,17,9,9,52.94117647058823,52.94117647058823,0.47058823529411764,0.15,10.0,0.4
mubi_road__yolo26l_default__bytetrack__roi,YOLO26l default | bytetrack | ROI,mubi_road,"evening, higher congestion, cloudy / low visibility",YOLO26l,default,bytetrack,roi,upward,keke,0,120,-120,120,-100.0,100.0,0.0,0.15,10.0,0.4
mubi_road__yolo26l_default__bytetrack__roi,YOLO26l default | bytetrack | ROI,mubi_road,"evening, higher congestion, cloudy / low visibility",YOLO26l,default,bytetrack,roi,upward,truck,0,5,-5,5,-100.0,100.0,0.0,0.15,10.0,0.4
mubi_road__yolo26l_tuned__botsort__full_frame,YOLO26l tuned | botsort | Full frame,mubi_road,"evening, higher congestion, cloudy / low visibility",YOLO26l,tuned,botsort,full_frame,downward,bus,0,1,-1,1,-100.0,100.0,0.0,0.15,10.0,0.4
mubi_road__yolo26l_tuned__botsort__full_frame,YOLO26l tuned | botsort | Full frame,mubi_road,"evening, higher congestion, cloudy / low visibility",YOLO26l,tuned,botsort,full_frame,downward,car,1,35,-34,34,-97.14285714285714,97.14285714285714,0.02857142857142858,0.15,10.0,0.4
mubi_road__yolo26l_tuned__botsort__full_frame,YOLO26l tuned | botsort | Full frame,mubi_road,"evening, higher congestion, cloudy / low visibility",YOLO26l,tuned,botsort,full_frame,downward,keke,2,156,-154,154,-98.71794871794872,98.71794871794872,0.012820512820512775,0.15,10.0,0.4
mubi_road__yolo26l_tuned__botsort__full_frame,YOLO26l tuned | botsort | Full frame,mubi_road,"evening, higher congestion, cloudy / low visibility",YOLO26l,tuned,botsort,full_frame,downward,truck,1,2,-1,1,-50.0,50.0,0.5,0.15,10.0,0.4
mubi_road__yolo26l_tuned__botsort__full_frame,YOLO26l tuned | botsort | Full frame,mubi_road,"evening, higher congestion, cloudy / low visibility",YOLO26l,tuned,botsort,full_frame,upward,bus,0,0,0,0,,,,0.15,10.0,0.4
mubi_road__yolo26l_tuned__botsort__full_frame,YOLO26l tuned | botsort | Full frame,mubi_road,"evening, higher congestion, cloudy / low visibility",YOLO26l,tuned,botsort,full_frame,upward,car,4,17,-13,13,-76.47058823529412,76.47058823529412,0.23529411764705888,0.15,10.0,0.4
mubi_road__yolo26l_tuned__botsort__full_frame,YOLO26l tuned | botsort | Full frame,mubi_road,"evening, higher congestion, cloudy / low visibility",YOLO26l,tuned,botsort,full_frame,upward,keke,1,120,-119,119,-99.16666666666667,99.16666666666667,0.008333333333333304,0.15,10.0,0.4
mubi_road__yolo26l_tuned__botsort__full_frame,YOLO26l tuned | botsort | Full frame,mubi_road,"evening, higher congestion, cloudy / low visibility",YOLO26l,tuned,botsort,full_frame,upward,truck,0,5,-5,5,-100.0,100.0,0.0,0.15,10.0,0.4
mubi_road__yolo26l_tuned__botsort__roi,YOLO26l tuned | botsort | ROI,mubi_road,"evening, higher congestion, cloudy / low visibility",YOLO26l,tuned,botsort,roi,downward,bus,33,1,32,32,3200.0,3200.0,0.0,0.15,10.0,0.4
mubi_road__yolo26l_tuned__botsort__roi,YOLO26l tuned | botsort | ROI,mubi_road,"evening, higher congestion, cloudy / low visibility",YOLO26l,tuned,botsort,roi,downward,car,76,35,41,41,117.14285714285714,117.14285714285714,0.0,0.15,10.0,0.4
mubi_road__yolo26l_tuned__botsort__roi,YOLO26l tuned | botsort | ROI,mubi_road,"evening, higher congestion, cloudy / low visibility",YOLO26l,tuned,botsort,roi,downward,keke,54,156,-102,102,-65.38461538461539,65.38461538461539,0.34615384615384615,0.15,10.0,0.4
mubi_road__yolo26l_tuned__botsort__roi,YOLO26l tuned | botsort | ROI,mubi_road,"evening, higher congestion, cloudy / low visibility",YOLO26l,tuned,botsort,roi,downward,truck,34,2,32,32,1600.0,1600.0,0.0,0.15,10.0,0.4
mubi_road__yolo26l_tuned__botsort__roi,YOLO26l tuned | botsort | ROI,mubi_road,"evening, higher congestion, cloudy / low visibility",YOLO26l,tuned,botsort,roi,upward,bus,12,0,12,12,,,,0.15,10.0,0.4
mubi_road__yolo26l_tuned__botsort__roi,YOLO26l tuned | botsort | ROI,mubi_road,"evening, higher congestion, cloudy / low visibility",YOLO26l,tuned,botsort,roi,upward,car,44,17,27,27,158.8235294117647,158.8235294117647,0.0,0.15,10.0,0.4
mubi_road__yolo26l_tuned__botsort__roi,YOLO26l tuned | botsort | ROI,mubi_road,"evening, higher congestion, cloudy / low visibility",YOLO26l,tuned,botsort,roi,upward,keke,40,120,-80,80,-66.66666666666667,66.66666666666667,0.33333333333333337,0.15,10.0,0.4
mubi_road__yolo26l_tuned__botsort__roi,YOLO26l tuned | botsort | ROI,mubi_road,"evening, higher congestion, cloudy / low visibility",YOLO26l,tuned,botsort,roi,upward,truck,6,5,1,1,20.0,20.0,0.8,0.15,10.0,0.4
mubi_road__yolo26l_tuned__bytetrack__full_frame,YOLO26l tuned | bytetrack | Full frame,mubi_road,"evening, higher congestion, cloudy / low visibility",YOLO26l,tuned,bytetrack,full_frame,downward,bus,0,1,-1,1,-100.0,100.0,0.0,0.15,10.0,0.4
mubi_road__yolo26l_tuned__bytetrack__full_frame,YOLO26l tuned | bytetrack | Full frame,mubi_road,"evening, higher congestion, cloudy / low visibility",YOLO26l,tuned,bytetrack,full_frame,downward,car,2,35,-33,33,-94.28571428571429,94.28571428571429,0.05714285714285716,0.15,10.0,0.4
mubi_road__yolo26l_tuned__bytetrack__full_frame,YOLO26l tuned | bytetrack | Full frame,mubi_road,"evening, higher congestion, cloudy / low visibility",YOLO26l,tuned,bytetrack,full_frame,downward,keke,3,156,-153,153,-98.07692307692308,98.07692307692308,0.019230769230769273,0.15,10.0,0.4
mubi_road__yolo26l_tuned__bytetrack__full_frame,YOLO26l tuned | bytetrack | Full frame,mubi_road,"evening, higher congestion, cloudy / low visibility",YOLO26l,tuned,bytetrack,full_frame,downward,truck,0,2,-2,2,-100.0,100.0,0.0,0.15,10.0,0.4
mubi_road__yolo26l_tuned__bytetrack__full_frame,YOLO26l tuned | bytetrack | Full frame,mubi_road,"evening, higher congestion, cloudy / low visibility",YOLO26l,tuned,bytetrack,full_frame,upward,bus,0,0,0,0,,,,0.15,10.0,0.4
mubi_road__yolo26l_tuned__bytetrack__full_frame,YOLO26l tuned | bytetrack | Full frame,mubi_road,"evening, higher congestion, cloudy / low visibility",YOLO26l,tuned,bytetrack,full_frame,upward,car,4,17,-13,13,-76.47058823529412,76.47058823529412,0.23529411764705888,0.15,10.0,0.4
mubi_road__yolo26l_tuned__bytetrack__full_frame,YOLO26l tuned | bytetrack | Full frame,mubi_road,"evening, higher congestion, cloudy / low visibility",YOLO26l,tuned,bytetrack,full_frame,upward,keke,1,120,-119,119,-99.16666666666667,99.16666666666667,0.008333333333333304,0.15,10.0,0.4
mubi_road__yolo26l_tuned__bytetrack__full_frame,YOLO26l tuned | bytetrack | Full frame,mubi_road,"evening, higher congestion, cloudy / low visibility",YOLO26l,tuned,bytetrack,full_frame,upward,truck,0,5,-5,5,-100.0,100.0,0.0,0.15,10.0,0.4
mubi_road__yolo26l_tuned__bytetrack__roi,YOLO26l tuned | bytetrack | ROI,mubi_road,"evening, higher congestion, cloudy / low visibility",YOLO26l,tuned,bytetrack,roi,downward,bus,29,1,28,28,2800.0,2800.0,0.0,0.15,10.0,0.4
mubi_road__yolo26l_tuned__bytetrack__roi,YOLO26l tuned | bytetrack | ROI,mubi_road,"evening, higher congestion, cloudy / low visibility",YOLO26l,tuned,bytetrack,roi,downward,car,65,35,30,30,85.71428571428571,85.71428571428571,0.1428571428571429,0.15,10.0,0.4
mubi_road__yolo26l_tuned__bytetrack__roi,YOLO26l tuned | bytetrack | ROI,mubi_road,"evening, higher congestion, cloudy / low visibility",YOLO26l,tuned,bytetrack,roi,downward,keke,63,156,-93,93,-59.61538461538461,59.61538461538461,0.40384615384615385,0.15,10.0,0.4
mubi_road__yolo26l_tuned__bytetrack__roi,YOLO26l tuned | bytetrack | ROI,mubi_road,"evening, higher congestion, cloudy / low visibility",YOLO26l,tuned,bytetrack,roi,downward,truck,35,2,33,33,1650.0,1650.0,0.0,0.15,10.0,0.4
mubi_road__yolo26l_tuned__bytetrack__roi,YOLO26l tuned | bytetrack | ROI,mubi_road,"evening, higher congestion, cloudy / low visibility",YOLO26l,tuned,bytetrack,roi,upward,bus,14,0,14,14,,,,0.15,10.0,0.4
mubi_road__yolo26l_tuned__bytetrack__roi,YOLO26l tuned | bytetrack | ROI,mubi_road,"evening, higher congestion, cloudy / low visibility",YOLO26l,tuned,bytetrack,roi,upward,car,40,17,23,23,135.2941176470588,135.2941176470588,0.0,0.15,10.0,0.4
mubi_road__yolo26l_tuned__bytetrack__roi,YOLO26l tuned | bytetrack | ROI,mubi_road,"evening, higher congestion, cloudy / low visibility",YOLO26l,tuned,bytetrack,roi,upward,keke,44,120,-76,76,-63.333333333333336,63.333333333333336,0.3666666666666667,0.15,10.0,0.4
mubi_road__yolo26l_tuned__bytetrack__roi,YOLO26l tuned | bytetrack | ROI,mubi_road,"evening, higher congestion, cloudy / low visibility",YOLO26l,tuned,bytetrack,roi,upward,truck,7,5,2,2,40.0,40.0,0.6,0.15,10.0,0.4
yola_road__yolo11l_default__botsort__full_frame,YOLO11l default | botsort | Full frame,yola_road,"daytime, moderate traffic, high visibility",YOLO11l,default,botsort,full_frame,downward,bus,0,6,-6,6,-100.0,100.0,0.0,0.15,10.0,0.4
yola_road__yolo11l_default__botsort__full_frame,YOLO11l default | botsort | Full frame,yola_road,"daytime, moderate traffic, high visibility",YOLO11l,default,botsort,full_frame,downward,car,2,108,-106,106,-98.14814814814815,98.14814814814815,0.01851851851851849,0.15,10.0,0.4
yola_road__yolo11l_default__botsort__full_frame,YOLO11l default | botsort | Full frame,yola_road,"daytime, moderate traffic, high visibility",YOLO11l,default,botsort,full_frame,downward,keke,0,181,-181,181,-100.0,100.0,0.0,0.15,10.0,0.4
yola_road__yolo11l_default__botsort__full_frame,YOLO11l default | botsort | Full frame,yola_road,"daytime, moderate traffic, high visibility",YOLO11l,default,botsort,full_frame,downward,truck,3,23,-20,20,-86.95652173913044,86.95652173913044,0.13043478260869568,0.15,10.0,0.4
yola_road__yolo11l_default__botsort__full_frame,YOLO11l default | botsort | Full frame,yola_road,"daytime, moderate traffic, high visibility",YOLO11l,default,botsort,full_frame,upward,bus,0,0,0,0,,,,0.15,10.0,0.4
yola_road__yolo11l_default__botsort__full_frame,YOLO11l default | botsort | Full frame,yola_road,"daytime, moderate traffic, high visibility",YOLO11l,default,botsort,full_frame,upward,car,1,106,-105,105,-99.05660377358491,99.05660377358491,0.009433962264150941,0.15,10.0,0.4
yola_road__yolo11l_default__botsort__full_frame,YOLO11l default | botsort | Full frame,yola_road,"daytime, moderate traffic, high visibility",YOLO11l,default,botsort,full_frame,upward,keke,0,206,-206,206,-100.0,100.0,0.0,0.15,10.0,0.4
yola_road__yolo11l_default__botsort__full_frame,YOLO11l default | botsort | Full frame,yola_road,"daytime, moderate traffic, high visibility",YOLO11l,default,botsort,full_frame,upward,truck,0,20,-20,20,-100.0,100.0,0.0,0.15,10.0,0.4
yola_road__yolo11l_default__botsort__roi,YOLO11l default | botsort | ROI,yola_road,"daytime, moderate traffic, high visibility",YOLO11l,default,botsort,roi,downward,bus,0,6,-6,6,-100.0,100.0,0.0,0.15,10.0,0.4
yola_road__yolo11l_default__botsort__roi,YOLO11l default | botsort | ROI,yola_road,"daytime, moderate traffic, high visibility",YOLO11l,default,botsort,roi,downward,car,184,108,76,76,70.37037037037037,70.37037037037037,0.2962962962962963,0.15,10.0,0.4
yola_road__yolo11l_default__botsort__roi,YOLO11l default | botsort | ROI,yola_road,"daytime, moderate traffic, high visibility",YOLO11l,default,botsort,roi,downward,keke,0,181,-181,181,-100.0,100.0,0.0,0.15,10.0,0.4
yola_road__yolo11l_default__botsort__roi,YOLO11l default | botsort | ROI,yola_road,"daytime, moderate traffic, high visibility",YOLO11l,default,botsort,roi,downward,truck,133,23,110,110,478.2608695652174,478.2608695652174,0.0,0.15,10.0,0.4
yola_road__yolo11l_default__botsort__roi,YOLO11l default | botsort | ROI,yola_road,"daytime, moderate traffic, high visibility",YOLO11l,default,botsort,roi,upward,bus,0,0,0,0,,,,0.15,10.0,0.4
yola_road__yolo11l_default__botsort__roi,YOLO11l default | botsort | ROI,yola_road,"daytime, moderate traffic, high visibility",YOLO11l,default,botsort,roi,upward,car,271,106,165,165,155.66037735849056,155.66037735849056,0.0,0.15,10.0,0.4
yola_road__yolo11l_default__botsort__roi,YOLO11l default | botsort | ROI,yola_road,"daytime, moderate traffic, high visibility",YOLO11l,default,botsort,roi,upward,keke,0,206,-206,206,-100.0,100.0,0.0,0.15,10.0,0.4
yola_road__yolo11l_default__botsort__roi,YOLO11l default | botsort | ROI,yola_road,"daytime, moderate traffic, high visibility",YOLO11l,default,botsort,roi,upward,truck,73,20,53,53,265.0,265.0,0.0,0.15,10.0,0.4
yola_road__yolo11l_default__bytetrack__full_frame,YOLO11l default | bytetrack | Full frame,yola_road,"daytime, moderate traffic, high visibility",YOLO11l,default,bytetrack,full_frame,downward,bus,0,6,-6,6,-100.0,100.0,0.0,0.15,10.0,0.4
yola_road__yolo11l_default__bytetrack__full_frame,YOLO11l default | bytetrack | Full frame,yola_road,"daytime, moderate traffic, high visibility",YOLO11l,default,bytetrack,full_frame,downward,car,1,108,-107,107,-99.07407407407408,99.07407407407408,0.0092592592592593,0.15,10.0,0.4
yola_road__yolo11l_default__bytetrack__full_frame,YOLO11l default | bytetrack | Full frame,yola_road,"daytime, moderate traffic, high visibility",YOLO11l,default,bytetrack,full_frame,downward,keke,0,181,-181,181,-100.0,100.0,0.0,0.15,10.0,0.4
yola_road__yolo11l_default__bytetrack__full_frame,YOLO11l default | bytetrack | Full frame,yola_road,"daytime, moderate traffic, high visibility",YOLO11l,default,bytetrack,full_frame,downward,truck,2,23,-21,21,-91.30434782608695,91.30434782608695,0.08695652173913049,0.15,10.0,0.4
yola_road__yolo11l_default__bytetrack__full_frame,YOLO11l default | bytetrack | Full frame,yola_road,"daytime, moderate traffic, high visibility",YOLO11l,default,bytetrack,full_frame,upward,bus,0,0,0,0,,,,0.15,10.0,0.4
yola_road__yolo11l_default__bytetrack__full_frame,YOLO11l default | bytetrack | Full frame,yola_road,"daytime, moderate traffic, high visibility",YOLO11l,default,bytetrack,full_frame,upward,car,1,106,-105,105,-99.05660377358491,99.05660377358491,0.009433962264150941,0.15,10.0,0.4
yola_road__yolo11l_default__bytetrack__full_frame,YOLO11l default | bytetrack | Full frame,yola_road,"daytime, moderate traffic, high visibility",YOLO11l,default,bytetrack,full_frame,upward,keke,0,206,-206,206,-100.0,100.0,0.0,0.15,10.0,0.4
yola_road__yolo11l_default__bytetrack__full_frame,YOLO11l default | bytetrack | Full frame,yola_road,"daytime, moderate traffic, high visibility",YOLO11l,default,bytetrack,full_frame,upward,truck,2,20,-18,18,-90.0,90.0,0.09999999999999998,0.15,10.0,0.4
yola_road__yolo11l_default__bytetrack__roi,YOLO11l default | bytetrack | ROI,yola_road,"daytime, moderate traffic, high visibility",YOLO11l,default,bytetrack,roi,downward,bus,0,6,-6,6,-100.0,100.0,0.0,0.15,10.0,0.4
yola_road__yolo11l_default__bytetrack__roi,YOLO11l default | bytetrack | ROI,yola_road,"daytime, moderate traffic, high visibility",YOLO11l,default,bytetrack,roi,downward,car,178,108,70,70,64.81481481481481,64.81481481481481,0.35185185185185186,0.15,10.0,0.4
yola_road__yolo11l_default__bytetrack__roi,YOLO11l default | bytetrack | ROI,yola_road,"daytime, moderate traffic, high visibility",YOLO11l,default,bytetrack,roi,downward,keke,0,181,-181,181,-100.0,100.0,0.0,0.15,10.0,0.4
yola_road__yolo11l_default__bytetrack__roi,YOLO11l default | bytetrack | ROI,yola_road,"daytime, moderate traffic, high visibility",YOLO11l,default,bytetrack,roi,downward,truck,138,23,115,115,500.0,500.0,0.0,0.15,10.0,0.4
yola_road__yolo11l_default__bytetrack__roi,YOLO11l default | bytetrack | ROI,yola_road,"daytime, moderate traffic, high visibility",YOLO11l,default,bytetrack,roi,upward,bus,1,0,1,1,,,,0.15,10.0,0.4
yola_road__yolo11l_default__bytetrack__roi,YOLO11l default | bytetrack | ROI,yola_road,"daytime, moderate traffic, high visibility",YOLO11l,default,bytetrack,roi,upward,car,230,106,124,124,116.98113207547169,116.98113207547169,0.0,0.15,10.0,0.4
yola_road__yolo11l_default__bytetrack__roi,YOLO11l default | bytetrack | ROI,yola_road,"daytime, moderate traffic, high visibility",YOLO11l,default,bytetrack,roi,upward,keke,0,206,-206,206,-100.0,100.0,0.0,0.15,10.0,0.4
yola_road__yolo11l_default__bytetrack__roi,YOLO11l default | bytetrack | ROI,yola_road,"daytime, moderate traffic, high visibility",YOLO11l,default,bytetrack,roi,upward,truck,114,20,94,94,470.0,470.0,0.0,0.15,10.0,0.4
yola_road__yolo11l_tuned__botsort__full_frame,YOLO11l tuned | botsort | Full frame,yola_road,"daytime, moderate traffic, high visibility",YOLO11l,tuned,botsort,full_frame,downward,bus,0,6,-6,6,-100.0,100.0,0.0,0.15,10.0,0.4
yola_road__yolo11l_tuned__botsort__full_frame,YOLO11l tuned | botsort | Full frame,yola_road,"daytime, moderate traffic, high visibility",YOLO11l,tuned,botsort,full_frame,downward,car,0,108,-108,108,-100.0,100.0,0.0,0.15,10.0,0.4
yola_road__yolo11l_tuned__botsort__full_frame,YOLO11l tuned | botsort | Full frame,yola_road,"daytime, moderate traffic, high visibility",YOLO11l,tuned,botsort,full_frame,downward,keke,2,181,-179,179,-98.89502762430939,98.89502762430939,0.011049723756906049,0.15,10.0,0.4
yola_road__yolo11l_tuned__botsort__full_frame,YOLO11l tuned | botsort | Full frame,yola_road,"daytime, moderate traffic, high visibility",YOLO11l,tuned,botsort,full_frame,downward,truck,0,23,-23,23,-100.0,100.0,0.0,0.15,10.0,0.4
yola_road__yolo11l_tuned__botsort__full_frame,YOLO11l tuned | botsort | Full frame,yola_road,"daytime, moderate traffic, high visibility",YOLO11l,tuned,botsort,full_frame,upward,bus,0,0,0,0,,,,0.15,10.0,0.4
yola_road__yolo11l_tuned__botsort__full_frame,YOLO11l tuned | botsort | Full frame,yola_road,"daytime, moderate traffic, high visibility",YOLO11l,tuned,botsort,full_frame,upward,car,1,106,-105,105,-99.05660377358491,99.05660377358491,0.009433962264150941,0.15,10.0,0.4
yola_road__yolo11l_tuned__botsort__full_frame,YOLO11l tuned | botsort | Full frame,yola_road,"daytime, moderate traffic, high visibility",YOLO11l,tuned,botsort,full_frame,upward,keke,0,206,-206,206,-100.0,100.0,0.0,0.15,10.0,0.4
yola_road__yolo11l_tuned__botsort__full_frame,YOLO11l tuned | botsort | Full frame,yola_road,"daytime, moderate traffic, high visibility",YOLO11l,tuned,botsort,full_frame,upward,truck,0,20,-20,20,-100.0,100.0,0.0,0.15,10.0,0.4
yola_road__yolo11l_tuned__botsort__roi,YOLO11l tuned | botsort | ROI,yola_road,"daytime, moderate traffic, high visibility",YOLO11l,tuned,botsort,roi,downward,bus,1,6,-5,5,-83.33333333333333,83.33333333333333,0.16666666666666663,0.15,10.0,0.4
yola_road__yolo11l_tuned__botsort__roi,YOLO11l tuned | botsort | ROI,yola_road,"daytime, moderate traffic, high visibility",YOLO11l,tuned,botsort,roi,downward,car,129,108,21,21,19.444444444444443,19.444444444444443,0.8055555555555556,0.15,10.0,0.4
yola_road__yolo11l_tuned__botsort__roi,YOLO11l tuned | botsort | ROI,yola_road,"daytime, moderate traffic, high visibility",YOLO11l,tuned,botsort,roi,downward,keke,186,181,5,5,2.7624309392265194,2.7624309392265194,0.9723756906077348,0.15,10.0,0.4
yola_road__yolo11l_tuned__botsort__roi,YOLO11l tuned | botsort | ROI,yola_road,"daytime, moderate traffic, high visibility",YOLO11l,tuned,botsort,roi,downward,truck,2,23,-21,21,-91.30434782608695,91.30434782608695,0.08695652173913049,0.15,10.0,0.4
yola_road__yolo11l_tuned__botsort__roi,YOLO11l tuned | botsort | ROI,yola_road,"daytime, moderate traffic, high visibility",YOLO11l,tuned,botsort,roi,upward,bus,6,0,6,6,,,,0.15,10.0,0.4
yola_road__yolo11l_tuned__botsort__roi,YOLO11l tuned | botsort | ROI,yola_road,"daytime, moderate traffic, high visibility",YOLO11l,tuned,botsort,roi,upward,car,241,106,135,135,127.35849056603773,127.35849056603773,0.0,0.15,10.0,0.4
yola_road__yolo11l_tuned__botsort__roi,YOLO11l tuned | botsort | ROI,yola_road,"daytime, moderate traffic, high visibility",YOLO11l,tuned,botsort,roi,upward,keke,79,206,-127,127,-61.650485436893206,61.650485436893206,0.383495145631068,0.15,10.0,0.4
yola_road__yolo11l_tuned__botsort__roi,YOLO11l tuned | botsort | ROI,yola_road,"daytime, moderate traffic, high visibility",YOLO11l,tuned,botsort,roi,upward,truck,3,20,-17,17,-85.0,85.0,0.15000000000000002,0.15,10.0,0.4
yola_road__yolo11l_tuned__bytetrack__full_frame,YOLO11l tuned | bytetrack | Full frame,yola_road,"daytime, moderate traffic, high visibility",YOLO11l,tuned,bytetrack,full_frame,downward,bus,0,6,-6,6,-100.0,100.0,0.0,0.15,10.0,0.4
yola_road__yolo11l_tuned__bytetrack__full_frame,YOLO11l tuned | bytetrack | Full frame,yola_road,"daytime, moderate traffic, high visibility",YOLO11l,tuned,bytetrack,full_frame,downward,car,0,108,-108,108,-100.0,100.0,0.0,0.15,10.0,0.4
yola_road__yolo11l_tuned__bytetrack__full_frame,YOLO11l tuned | bytetrack | Full frame,yola_road,"daytime, moderate traffic, high visibility",YOLO11l,tuned,bytetrack,full_frame,downward,keke,2,181,-179,179,-98.89502762430939,98.89502762430939,0.011049723756906049,0.15,10.0,0.4
yola_road__yolo11l_tuned__bytetrack__full_frame,YOLO11l tuned | bytetrack | Full frame,yola_road,"daytime, moderate traffic, high visibility",YOLO11l,tuned,bytetrack,full_frame,downward,truck,0,23,-23,23,-100.0,100.0,0.0,0.15,10.0,0.4
yola_road__yolo11l_tuned__bytetrack__full_frame,YOLO11l tuned | bytetrack | Full frame,yola_road,"daytime, moderate traffic, high visibility",YOLO11l,tuned,bytetrack,full_frame,upward,bus,0,0,0,0,,,,0.15,10.0,0.4
yola_road__yolo11l_tuned__bytetrack__full_frame,YOLO11l tuned | bytetrack | Full frame,yola_road,"daytime, moderate traffic, high visibility",YOLO11l,tuned,bytetrack,full_frame,upward,car,2,106,-104,104,-98.11320754716981,98.11320754716981,0.018867924528301883,0.15,10.0,0.4
yola_road__yolo11l_tuned__bytetrack__full_frame,YOLO11l tuned | bytetrack | Full frame,yola_road,"daytime, moderate traffic, high visibility",YOLO11l,tuned,bytetrack,full_frame,upward,keke,0,206,-206,206,-100.0,100.0,0.0,0.15,10.0,0.4
yola_road__yolo11l_tuned__bytetrack__full_frame,YOLO11l tuned | bytetrack | Full frame,yola_road,"daytime, moderate traffic, high visibility",YOLO11l,tuned,bytetrack,full_frame,upward,truck,0,20,-20,20,-100.0,100.0,0.0,0.15,10.0,0.4
yola_road__yolo11l_tuned__bytetrack__roi,YOLO11l tuned | bytetrack | ROI,yola_road,"daytime, moderate traffic, high visibility",YOLO11l,tuned,bytetrack,roi,downward,bus,1,6,-5,5,-83.33333333333333,83.33333333333333,0.16666666666666663,0.15,10.0,0.4
yola_road__yolo11l_tuned__bytetrack__roi,YOLO11l tuned | bytetrack | ROI,yola_road,"daytime, moderate traffic, high visibility",YOLO11l,tuned,bytetrack,roi,downward,car,127,108,19,19,17.59259259259259,17.59259259259259,0.8240740740740741,0.15,10.0,0.4
yola_road__yolo11l_tuned__bytetrack__roi,YOLO11l tuned | bytetrack | ROI,yola_road,"daytime, moderate traffic, high visibility",YOLO11l,tuned,bytetrack,roi,downward,keke,187,181,6,6,3.314917127071823,3.314917127071823,0.9668508287292817,0.15,10.0,0.4
yola_road__yolo11l_tuned__bytetrack__roi,YOLO11l tuned | bytetrack | ROI,yola_road,"daytime, moderate traffic, high visibility",YOLO11l,tuned,bytetrack,roi,downward,truck,2,23,-21,21,-91.30434782608695,91.30434782608695,0.08695652173913049,0.15,10.0,0.4
yola_road__yolo11l_tuned__bytetrack__roi,YOLO11l tuned | bytetrack | ROI,yola_road,"daytime, moderate traffic, high visibility",YOLO11l,tuned,bytetrack,roi,upward,bus,10,0,10,10,,,,0.15,10.0,0.4
yola_road__yolo11l_tuned__bytetrack__roi,YOLO11l tuned | bytetrack | ROI,yola_road,"daytime, moderate traffic, high visibility",YOLO11l,tuned,bytetrack,roi,upward,car,219,106,113,113,106.60377358490567,106.60377358490567,0.0,0.15,10.0,0.4
yola_road__yolo11l_tuned__bytetrack__roi,YOLO11l tuned | bytetrack | ROI,yola_road,"daytime, moderate traffic, high visibility",YOLO11l,tuned,bytetrack,roi,upward,keke,93,206,-113,113,-54.85436893203884,54.85436893203884,0.45145631067961167,0.15,10.0,0.4
yola_road__yolo11l_tuned__bytetrack__roi,YOLO11l tuned | bytetrack | ROI,yola_road,"daytime, moderate traffic, high visibility",YOLO11l,tuned,bytetrack,roi,upward,truck,9,20,-11,11,-55.0,55.0,0.44999999999999996,0.15,10.0,0.4
yola_road__yolo26l_default__botsort__full_frame,YOLO26l default | botsort | Full frame,yola_road,"daytime, moderate traffic, high visibility",YOLO26l,default,botsort,full_frame,downward,bus,0,6,-6,6,-100.0,100.0,0.0,0.15,10.0,0.4
yola_road__yolo26l_default__botsort__full_frame,YOLO26l default | botsort | Full frame,yola_road,"daytime, moderate traffic, high visibility",YOLO26l,default,botsort,full_frame,downward,car,0,108,-108,108,-100.0,100.0,0.0,0.15,10.0,0.4
yola_road__yolo26l_default__botsort__full_frame,YOLO26l default | botsort | Full frame,yola_road,"daytime, moderate traffic, high visibility",YOLO26l,default,botsort,full_frame,downward,keke,0,181,-181,181,-100.0,100.0,0.0,0.15,10.0,0.4
yola_road__yolo26l_default__botsort__full_frame,YOLO26l default | botsort | Full frame,yola_road,"daytime, moderate traffic, high visibility",YOLO26l,default,botsort,full_frame,downward,truck,0,23,-23,23,-100.0,100.0,0.0,0.15,10.0,0.4
yola_road__yolo26l_default__botsort__full_frame,YOLO26l default | botsort | Full frame,yola_road,"daytime, moderate traffic, high visibility",YOLO26l,default,botsort,full_frame,upward,bus,0,0,0,0,,,,0.15,10.0,0.4
yola_road__yolo26l_default__botsort__full_frame,YOLO26l default | botsort | Full frame,yola_road,"daytime, moderate traffic, high visibility",YOLO26l,default,botsort,full_frame,upward,car,1,106,-105,105,-99.05660377358491,99.05660377358491,0.009433962264150941,0.15,10.0,0.4
yola_road__yolo26l_default__botsort__full_frame,YOLO26l default | botsort | Full frame,yola_road,"daytime, moderate traffic, high visibility",YOLO26l,default,botsort,full_frame,upward,keke,0,206,-206,206,-100.0,100.0,0.0,0.15,10.0,0.4
yola_road__yolo26l_default__botsort__full_frame,YOLO26l default | botsort | Full frame,yola_road,"daytime, moderate traffic, high visibility",YOLO26l,default,botsort,full_frame,upward,truck,0,20,-20,20,-100.0,100.0,0.0,0.15,10.0,0.4
yola_road__yolo26l_default__botsort__roi,YOLO26l default | botsort | ROI,yola_road,"daytime, moderate traffic, high visibility",YOLO26l,default,botsort,roi,downward,bus,1,6,-5,5,-83.33333333333333,83.33333333333333,0.16666666666666663,0.15,10.0,0.4
yola_road__yolo26l_default__botsort__roi,YOLO26l default | botsort | ROI,yola_road,"daytime, moderate traffic, high visibility",YOLO26l,default,botsort,roi,downward,car,136,108,28,28,25.925925925925927,25.925925925925927,0.7407407407407407,0.15,10.0,0.4
yola_road__yolo26l_default__botsort__roi,YOLO26l default | botsort | ROI,yola_road,"daytime, moderate traffic, high visibility",YOLO26l,default,botsort,roi,downward,keke,0,181,-181,181,-100.0,100.0,0.0,0.15,10.0,0.4
yola_road__yolo26l_default__botsort__roi,YOLO26l default | botsort | ROI,yola_road,"daytime, moderate traffic, high visibility",YOLO26l,default,botsort,roi,downward,truck,11,23,-12,12,-52.17391304347826,52.17391304347826,0.4782608695652174,0.15,10.0,0.4
yola_road__yolo26l_default__botsort__roi,YOLO26l default | botsort | ROI,yola_road,"daytime, moderate traffic, high visibility",YOLO26l,default,botsort,roi,upward,bus,28,0,28,28,,,,0.15,10.0,0.4
yola_road__yolo26l_default__botsort__roi,YOLO26l default | botsort | ROI,yola_road,"daytime, moderate traffic, high visibility",YOLO26l,default,botsort,roi,upward,car,139,106,33,33,31.132075471698112,31.132075471698112,0.6886792452830188,0.15,10.0,0.4
yola_road__yolo26l_default__botsort__roi,YOLO26l default | botsort | ROI,yola_road,"daytime, moderate traffic, high visibility",YOLO26l,default,botsort,roi,upward,keke,0,206,-206,206,-100.0,100.0,0.0,0.15,10.0,0.4
yola_road__yolo26l_default__botsort__roi,YOLO26l default | botsort | ROI,yola_road,"daytime, moderate traffic, high visibility",YOLO26l,default,botsort,roi,upward,truck,4,20,-16,16,-80.0,80.0,0.19999999999999996,0.15,10.0,0.4
yola_road__yolo26l_default__bytetrack__full_frame,YOLO26l default | bytetrack | Full frame,yola_road,"daytime, moderate traffic, high visibility",YOLO26l,default,bytetrack,full_frame,downward,bus,0,6,-6,6,-100.0,100.0,0.0,0.15,10.0,0.4
yola_road__yolo26l_default__bytetrack__full_frame,YOLO26l default | bytetrack | Full frame,yola_road,"daytime, moderate traffic, high visibility",YOLO26l,default,bytetrack,full_frame,downward,car,0,108,-108,108,-100.0,100.0,0.0,0.15,10.0,0.4
yola_road__yolo26l_default__bytetrack__full_frame,YOLO26l default | bytetrack | Full frame,yola_road,"daytime, moderate traffic, high visibility",YOLO26l,default,bytetrack,full_frame,downward,keke,0,181,-181,181,-100.0,100.0,0.0,0.15,10.0,0.4
yola_road__yolo26l_default__bytetrack__full_frame,YOLO26l default | bytetrack | Full frame,yola_road,"daytime, moderate traffic, high visibility",YOLO26l,default,bytetrack,full_frame,downward,truck,0,23,-23,23,-100.0,100.0,0.0,0.15,10.0,0.4
yola_road__yolo26l_default__bytetrack__full_frame,YOLO26l default | bytetrack | Full frame,yola_road,"daytime, moderate traffic, high visibility",YOLO26l,default,bytetrack,full_frame,upward,bus,0,0,0,0,,,,0.15,10.0,0.4
yola_road__yolo26l_default__bytetrack__full_frame,YOLO26l default | bytetrack | Full frame,yola_road,"daytime, moderate traffic, high visibility",YOLO26l,default,bytetrack,full_frame,upward,car,1,106,-105,105,-99.05660377358491,99.05660377358491,0.009433962264150941,0.15,10.0,0.4
yola_road__yolo26l_default__bytetrack__full_frame,YOLO26l default | bytetrack | Full frame,yola_road,"daytime, moderate traffic, high visibility",YOLO26l,default,bytetrack,full_frame,upward,keke,0,206,-206,206,-100.0,100.0,0.0,0.15,10.0,0.4
yola_road__yolo26l_default__bytetrack__full_frame,YOLO26l default | bytetrack | Full frame,yola_road,"daytime, moderate traffic, high visibility",YOLO26l,default,bytetrack,full_frame,upward,truck,0,20,-20,20,-100.0,100.0,0.0,0.15,10.0,0.4
yola_road__yolo26l_default__bytetrack__roi,YOLO26l default | bytetrack | ROI,yola_road,"daytime, moderate traffic, high visibility",YOLO26l,default,bytetrack,roi,downward,bus,1,6,-5,5,-83.33333333333333,83.33333333333333,0.16666666666666663,0.15,10.0,0.4
yola_road__yolo26l_default__bytetrack__roi,YOLO26l default | bytetrack | ROI,yola_road,"daytime, moderate traffic, high visibility",YOLO26l,default,bytetrack,roi,downward,car,136,108,28,28,25.925925925925927,25.925925925925927,0.7407407407407407,0.15,10.0,0.4
yola_road__yolo26l_default__bytetrack__roi,YOLO26l default | bytetrack | ROI,yola_road,"daytime, moderate traffic, high visibility",YOLO26l,default,bytetrack,roi,downward,keke,0,181,-181,181,-100.0,100.0,0.0,0.15,10.0,0.4
yola_road__yolo26l_default__bytetrack__roi,YOLO26l default | bytetrack | ROI,yola_road,"daytime, moderate traffic, high visibility",YOLO26l,default,bytetrack,roi,downward,truck,12,23,-11,11,-47.82608695652174,47.82608695652174,0.5217391304347826,0.15,10.0,0.4
yola_road__yolo26l_default__bytetrack__roi,YOLO26l default | bytetrack | ROI,yola_road,"daytime, moderate traffic, high visibility",YOLO26l,default,bytetrack,roi,upward,bus,30,0,30,30,,,,0.15,10.0,0.4
yola_road__yolo26l_default__bytetrack__roi,YOLO26l default | bytetrack | ROI,yola_road,"daytime, moderate traffic, high visibility",YOLO26l,default,bytetrack,roi,upward,car,137,106,31,31,29.245283018867923,29.245283018867923,0.7075471698113207,0.15,10.0,0.4
yola_road__yolo26l_default__bytetrack__roi,YOLO26l default | bytetrack | ROI,yola_road,"daytime, moderate traffic, high visibility",YOLO26l,default,bytetrack,roi,upward,keke,0,206,-206,206,-100.0,100.0,0.0,0.15,10.0,0.4
yola_road__yolo26l_default__bytetrack__roi,YOLO26l default | bytetrack | ROI,yola_road,"daytime, moderate traffic, high visibility",YOLO26l,default,bytetrack,roi,upward,truck,4,20,-16,16,-80.0,80.0,0.19999999999999996,0.15,10.0,0.4
yola_road__yolo26l_tuned__botsort__full_frame,YOLO26l tuned | botsort | Full frame,yola_road,"daytime, moderate traffic, high visibility",YOLO26l,tuned,botsort,full_frame,downward,bus,0,6,-6,6,-100.0,100.0,0.0,0.15,10.0,0.4
yola_road__yolo26l_tuned__botsort__full_frame,YOLO26l tuned | botsort | Full frame,yola_road,"daytime, moderate traffic, high visibility",YOLO26l,tuned,botsort,full_frame,downward,car,0,108,-108,108,-100.0,100.0,0.0,0.15,10.0,0.4
yola_road__yolo26l_tuned__botsort__full_frame,YOLO26l tuned | botsort | Full frame,yola_road,"daytime, moderate traffic, high visibility",YOLO26l,tuned,botsort,full_frame,downward,keke,1,181,-180,180,-99.4475138121547,99.4475138121547,0.0055248618784530246,0.15,10.0,0.4
yola_road__yolo26l_tuned__botsort__full_frame,YOLO26l tuned | botsort | Full frame,yola_road,"daytime, moderate traffic, high visibility",YOLO26l,tuned,botsort,full_frame,downward,truck,2,23,-21,21,-91.30434782608695,91.30434782608695,0.08695652173913049,0.15,10.0,0.4
yola_road__yolo26l_tuned__botsort__full_frame,YOLO26l tuned | botsort | Full frame,yola_road,"daytime, moderate traffic, high visibility",YOLO26l,tuned,botsort,full_frame,upward,bus,0,0,0,0,,,,0.15,10.0,0.4
yola_road__yolo26l_tuned__botsort__full_frame,YOLO26l tuned | botsort | Full frame,yola_road,"daytime, moderate traffic, high visibility",YOLO26l,tuned,botsort,full_frame,upward,car,1,106,-105,105,-99.05660377358491,99.05660377358491,0.009433962264150941,0.15,10.0,0.4
yola_road__yolo26l_tuned__botsort__full_frame,YOLO26l tuned | botsort | Full frame,yola_road,"daytime, moderate traffic, high visibility",YOLO26l,tuned,botsort,full_frame,upward,keke,0,206,-206,206,-100.0,100.0,0.0,0.15,10.0,0.4
yola_road__yolo26l_tuned__botsort__full_frame,YOLO26l tuned | botsort | Full frame,yola_road,"daytime, moderate traffic, high visibility",YOLO26l,tuned,botsort,full_frame,upward,truck,1,20,-19,19,-95.0,95.0,0.050000000000000044,0.15,10.0,0.4
yola_road__yolo26l_tuned__botsort__roi,YOLO26l tuned | botsort | ROI,yola_road,"daytime, moderate traffic, high visibility",YOLO26l,tuned,botsort,roi,downward,bus,0,6,-6,6,-100.0,100.0,0.0,0.15,10.0,0.4
yola_road__yolo26l_tuned__botsort__roi,YOLO26l tuned | botsort | ROI,yola_road,"daytime, moderate traffic, high visibility",YOLO26l,tuned,botsort,roi,downward,car,133,108,25,25,23.14814814814815,23.14814814814815,0.7685185185185185,0.15,10.0,0.4
yola_road__yolo26l_tuned__botsort__roi,YOLO26l tuned | botsort | ROI,yola_road,"daytime, moderate traffic, high visibility",YOLO26l,tuned,botsort,roi,downward,keke,174,181,-7,7,-3.867403314917127,3.867403314917127,0.9613259668508287,0.15,10.0,0.4
yola_road__yolo26l_tuned__botsort__roi,YOLO26l tuned | botsort | ROI,yola_road,"daytime, moderate traffic, high visibility",YOLO26l,tuned,botsort,roi,downward,truck,3,23,-20,20,-86.95652173913044,86.95652173913044,0.13043478260869568,0.15,10.0,0.4
yola_road__yolo26l_tuned__botsort__roi,YOLO26l tuned | botsort | ROI,yola_road,"daytime, moderate traffic, high visibility",YOLO26l,tuned,botsort,roi,upward,bus,45,0,45,45,,,,0.15,10.0,0.4
yola_road__yolo26l_tuned__botsort__roi,YOLO26l tuned | botsort | ROI,yola_road,"daytime, moderate traffic, high visibility",YOLO26l,tuned,botsort,roi,upward,car,209,106,103,103,97.16981132075472,97.16981132075472,0.028301886792452824,0.15,10.0,0.4
yola_road__yolo26l_tuned__botsort__roi,YOLO26l tuned | botsort | ROI,yola_road,"daytime, moderate traffic, high visibility",YOLO26l,tuned,botsort,roi,upward,keke,38,206,-168,168,-81.55339805825243,81.55339805825243,0.18446601941747576,0.15,10.0,0.4
yola_road__yolo26l_tuned__botsort__roi,YOLO26l tuned | botsort | ROI,yola_road,"daytime, moderate traffic, high visibility",YOLO26l,tuned,botsort,roi,upward,truck,25,20,5,5,25.0,25.0,0.75,0.15,10.0,0.4
yola_road__yolo26l_tuned__bytetrack__full_frame,YOLO26l tuned | bytetrack | Full frame,yola_road,"daytime, moderate traffic, high visibility",YOLO26l,tuned,bytetrack,full_frame,downward,bus,0,6,-6,6,-100.0,100.0,0.0,0.15,10.0,0.4
yola_road__yolo26l_tuned__bytetrack__full_frame,YOLO26l tuned | bytetrack | Full frame,yola_road,"daytime, moderate traffic, high visibility",YOLO26l,tuned,bytetrack,full_frame,downward,car,0,108,-108,108,-100.0,100.0,0.0,0.15,10.0,0.4
yola_road__yolo26l_tuned__bytetrack__full_frame,YOLO26l tuned | bytetrack | Full frame,yola_road,"daytime, moderate traffic, high visibility",YOLO26l,tuned,bytetrack,full_frame,downward,keke,1,181,-180,180,-99.4475138121547,99.4475138121547,0.0055248618784530246,0.15,10.0,0.4
yola_road__yolo26l_tuned__bytetrack__full_frame,YOLO26l tuned | bytetrack | Full frame,yola_road,"daytime, moderate traffic, high visibility",YOLO26l,tuned,bytetrack,full_frame,downward,truck,3,23,-20,20,-86.95652173913044,86.95652173913044,0.13043478260869568,0.15,10.0,0.4
yola_road__yolo26l_tuned__bytetrack__full_frame,YOLO26l tuned | bytetrack | Full frame,yola_road,"daytime, moderate traffic, high visibility",YOLO26l,tuned,bytetrack,full_frame,upward,bus,0,0,0,0,,,,0.15,10.0,0.4
yola_road__yolo26l_tuned__bytetrack__full_frame,YOLO26l tuned | bytetrack | Full frame,yola_road,"daytime, moderate traffic, high visibility",YOLO26l,tuned,bytetrack,full_frame,upward,car,1,106,-105,105,-99.05660377358491,99.05660377358491,0.009433962264150941,0.15,10.0,0.4
yola_road__yolo26l_tuned__bytetrack__full_frame,YOLO26l tuned | bytetrack | Full frame,yola_road,"daytime, moderate traffic, high visibility",YOLO26l,tuned,bytetrack,full_frame,upward,keke,0,206,-206,206,-100.0,100.0,0.0,0.15,10.0,0.4
yola_road__yolo26l_tuned__bytetrack__full_frame,YOLO26l tuned | bytetrack | Full frame,yola_road,"daytime, moderate traffic, high visibility",YOLO26l,tuned,bytetrack,full_frame,upward,truck,1,20,-19,19,-95.0,95.0,0.050000000000000044,0.15,10.0,0.4
yola_road__yolo26l_tuned__bytetrack__roi,YOLO26l tuned | bytetrack | ROI,yola_road,"daytime, moderate traffic, high visibility",YOLO26l,tuned,bytetrack,roi,downward,bus,0,6,-6,6,-100.0,100.0,0.0,0.15,10.0,0.4
yola_road__yolo26l_tuned__bytetrack__roi,YOLO26l tuned | bytetrack | ROI,yola_road,"daytime, moderate traffic, high visibility",YOLO26l,tuned,bytetrack,roi,downward,car,133,108,25,25,23.14814814814815,23.14814814814815,0.7685185185185185,0.15,10.0,0.4
yola_road__yolo26l_tuned__bytetrack__roi,YOLO26l tuned | bytetrack | ROI,yola_road,"daytime, moderate traffic, high visibility",YOLO26l,tuned,bytetrack,roi,downward,keke,164,181,-17,17,-9.392265193370166,9.392265193370166,0.9060773480662984,0.15,10.0,0.4
yola_road__yolo26l_tuned__bytetrack__roi,YOLO26l tuned | bytetrack | ROI,yola_road,"daytime, moderate traffic, high visibility",YOLO26l,tuned,bytetrack,roi,downward,truck,3,23,-20,20,-86.95652173913044,86.95652173913044,0.13043478260869568,0.15,10.0,0.4
yola_road__yolo26l_tuned__bytetrack__roi,YOLO26l tuned | bytetrack | ROI,yola_road,"daytime, moderate traffic, high visibility",YOLO26l,tuned,bytetrack,roi,upward,bus,50,0,50,50,,,,0.15,10.0,0.4
yola_road__yolo26l_tuned__bytetrack__roi,YOLO26l tuned | bytetrack | ROI,yola_road,"daytime, moderate traffic, high visibility",YOLO26l,tuned,bytetrack,roi,upward,car,194,106,88,88,83.01886792452831,83.01886792452831,0.16981132075471694,0.15,10.0,0.4
yola_road__yolo26l_tuned__bytetrack__roi,YOLO26l tuned | bytetrack | ROI,yola_road,"daytime, moderate traffic, high visibility",YOLO26l,tuned,bytetrack,roi,upward,keke,41,206,-165,165,-80.09708737864078,80.09708737864078,0.19902912621359226,0.15,10.0,0.4
yola_road__yolo26l_tuned__bytetrack__roi,YOLO26l tuned | bytetrack | ROI,yola_road,"daytime, moderate traffic, high visibility",YOLO26l,tuned,bytetrack,roi,upward,truck,34,20,14,14,70.0,70.0,0.30000000000000004,0.15,10.0,0.4
